id;sujet;description;date_creation
1;nihil Est;../fake-data/blob/hipster.txt;2024-03-29T22:25:02
2;Cambridgeshire;../fake-data/blob/hipster.txt;2024-03-30T09:42:44
3;protocol;../fake-data/blob/hipster.txt;2024-03-30T11:37:28
4;Namibie structure;../fake-data/blob/hipster.txt;2024-03-30T12:57:24
5;Outils facture Boulevard;../fake-data/blob/hipster.txt;2024-03-29T21:53:27
6;Doux;../fake-data/blob/hipster.txt;2024-03-29T23:59:27
7;Albanie Tricycle b;../fake-data/blob/hipster.txt;2024-03-30T10:04:09
8;Kirghizistan drive;../fake-data/blob/hipster.txt;2024-03-29T23:31:04
9;extend relationships dynamic;../fake-data/blob/hipster.txt;2024-03-30T05:22:54
10;infomediaries engendrer;../fake-data/blob/hipster.txt;2024-03-30T05:36:47
