id;nom;prenom;cin;email;num_tel;date_embauche;grade
1;Bébé que;SQL;bandwidth;Yolande.Aubry@gmail.com;a;2024-03-29T21:38:50;VACATAIRE
2;Électrique Latine;facilitate Cadillac Stagiaire;soudain;Cassien.Garnier26@gmail.com;brésilien c;2024-03-30T01:34:32;MAITRE_ASSISTANT
3;adapter commis enfin;Royce comparer Savon;aïe Boulevard Account;Csar89@yahoo.fr;distributed;2024-03-30T07:03:07;MAITRE_ASSISTANT
4;comme Intelligent comme;Account cramoisi;Directeur Coordinateur retrait;Astride.Robin54@gmail.com;Frites a que;2024-03-30T01:32:23;PROFESSEUR
5;1080p;parce Account;Est Saucisses abricot;Manon37@hotmail.fr;concentrer paf mindshare;2024-03-30T13:40:36;MAITRE_ASSISTANT
6;Pantalon Berlines;Pratique a;protocol implement;Corinne_Lefevre48@yahoo.fr;b établir;2024-03-30T10:57:40;PROFESSEUR
7;Transgender Stagiaire;que;Industrie Nissan Assistant;Agilbert83@gmail.com;Sports b;2024-03-30T02:52:06;VACATAIRE
8;a;b classer;heuristic Funk;Bndicte_Vasseur@hotmail.fr;immobilier Benz exploser;2024-03-30T10:15:05;PROFESSEUR
9;harum;rerum Architecte;que polyvalentes;Odilon_Petit@gmail.com;c;2024-03-29T21:52:15;VACATAIRE
10;Chèque Toulouse lichen;connecting couché;Bangladesh;Xavire_Brun@hotmail.fr;Administrateur;2024-03-30T01:08:54;PROFESSEUR
