id;titre;description;date_debut;date_fin;lieu;organisateur
1;malaisienne bypassing Vaneau;../fake-data/blob/hipster.txt;2024-03-29T18:34:21;2024-03-30T09:22:00;Rickshaw;Chevrolet
2;auxiliary Minispaces;../fake-data/blob/hipster.txt;2024-03-30T07:49:57;2024-03-30T09:33:46;Analyste Neither;plic synergize
3;b Sans;../fake-data/blob/hipster.txt;2024-03-30T16:02:15;2024-03-29T19:01:15;functionalities;Femme transitional
4;calculating Acier plaire;../fake-data/blob/hipster.txt;2024-03-30T06:34:27;2024-03-30T10:49:09;hypocrite moderator;Superviseur Femme
5;bleu;../fake-data/blob/hipster.txt;2024-03-29T20:06:02;2024-03-30T15:46:44;enhance;mobile transmitting
6;Tunisie reboot;../fake-data/blob/hipster.txt;2024-03-30T00:49:20;2024-03-30T03:35:22;Essence Vélocipèdraisiavaporianna;Bismuth iusto
7;connect 24/7;../fake-data/blob/hipster.txt;2024-03-30T13:15:33;2024-03-30T10:53:12;navigating Chaussures;interactive Polonium monitor
8;Thon brûlé Électrique;../fake-data/blob/hipster.txt;2024-03-29T19:48:47;2024-03-30T11:46:48;adversaire;compressing
9;b Ingenieur b;../fake-data/blob/hipster.txt;2024-03-29T18:06:49;2024-03-30T06:02:04;b en fer;Triporteur voluptatibus
10;Ouest sievert Switchable;../fake-data/blob/hipster.txt;2024-03-30T14:51:03;2024-03-30T04:30:20;Transexual Cambridgeshire;Tours Est
