id;titre;description;contenu;contenu_content_type;date_depot;filiere;niveau
1;a facture;port;../fake-data/blob/hipster.png;image/png;2024-03-30T13:00:50;ING;66429
2;Avon visualize;woman support compactes;../fake-data/blob/hipster.png;image/png;2024-03-29T20:53:28;LEM;76541
3;c Pompe;Rover Coton grandement;../fake-data/blob/hipster.png;image/png;2024-03-30T11:54:45;LEEA;19963
4;collègue retenir;Émirats impactful a;../fake-data/blob/hipster.png;image/png;2024-03-30T16:17:15;ING;46940
5;Citadines Bedfordshire;Djibouti SMTP;../fake-data/blob/hipster.png;image/png;2024-03-30T04:57:34;LEM;79182
6;enfant Cambridgeshire enim;c second exiger;../fake-data/blob/hipster.png;image/png;2024-03-30T15:29:01;LSI;93598
7;vide Lombards dedicated;ouf;../fake-data/blob/hipster.png;image/png;2024-03-30T12:12:34;LGC;50138
8;que array;Impasse monitor;../fake-data/blob/hipster.png;image/png;2024-03-29T23:23:47;MPGM;27422
9;aussitôt Place;éloigner;../fake-data/blob/hipster.png;image/png;2024-03-30T06:45:27;MPGM;56592
10;Ingenieur Est bypassing;calculate;../fake-data/blob/hipster.png;image/png;2024-03-29T23:13:32;LISI;7264
